item_id,item_name,available_at,feature_practical,feature_creative,feature_premium,feature_social,feature_learning,feature_wellbeing,feature_adventure,feature_calm
ITEM-001,Fictional selection 001,2025-01-01T00:00:00+00:00,1.0,0.0,0.0,0.0,0.0,0.0,0.45,0.0
ITEM-002,Fictional selection 002,2025-01-01T00:00:00+00:00,0.0,1.0,0.0,0.0,0.0,0.0,0.45,0.0
ITEM-003,Fictional selection 003,2025-01-01T00:00:00+00:00,0.0,0.0,1.0,0.0,0.45,0.0,0.0,0.0
ITEM-004,Fictional selection 004,2025-01-01T00:00:00+00:00,0.45,0.0,0.0,1.0,0.0,0.0,0.0,0.0
ITEM-005,Fictional selection 005,2025-01-01T00:00:00+00:00,0.45,0.0,0.0,0.0,1.0,0.0,0.0,0.0
ITEM-006,Fictional selection 006,2025-01-01T00:00:00+00:00,0.0,0.0,0.0,0.45,0.0,1.0,0.0,0.0
ITEM-007,Fictional selection 007,2025-01-01T00:00:00+00:00,0.0,0.0,0.45,0.0,0.0,0.0,1.0,0.0
ITEM-008,Fictional selection 008,2025-01-01T00:00:00+00:00,0.0,0.0,0.0,0.0,0.45,0.0,0.0,1.0
ITEM-009,Fictional selection 009,2025-01-01T00:00:00+00:00,1.0,0.45,0.0,0.0,0.0,0.0,0.0,0.0
ITEM-010,Fictional selection 010,2025-01-01T00:00:00+00:00,0.0,1.0,0.0,0.0,0.0,0.45,0.0,0.0
ITEM-011,Fictional selection 011,2025-01-01T00:00:00+00:00,0.0,0.0,1.0,0.45,0.0,0.0,0.0,0.0
ITEM-012,Fictional selection 012,2025-01-01T00:00:00+00:00,0.0,0.0,0.45,1.0,0.0,0.0,0.0,0.0
ITEM-013,Fictional selection 013,2025-01-01T00:00:00+00:00,0.45,0.0,0.0,0.0,1.0,0.0,0.0,0.0
ITEM-014,Fictional selection 014,2025-01-01T00:00:00+00:00,0.0,0.0,0.0,0.0,0.45,1.0,0.0,0.0
ITEM-015,Fictional selection 015,2025-01-01T00:00:00+00:00,0.0,0.0,0.0,0.0,0.45,0.0,1.0,0.0
ITEM-016,Fictional selection 016,2025-01-01T00:00:00+00:00,0.45,0.0,0.0,0.0,0.0,0.0,0.0,1.0
ITEM-017,Fictional selection 017,2025-01-01T00:00:00+00:00,1.0,0.0,0.0,0.0,0.0,0.0,0.0,0.45
ITEM-018,Fictional selection 018,2025-01-01T00:00:00+00:00,0.0,1.0,0.0,0.0,0.0,0.0,0.0,0.45
ITEM-019,Fictional selection 019,2025-01-01T00:00:00+00:00,0.45,0.0,1.0,0.0,0.0,0.0,0.0,0.0
ITEM-020,Fictional selection 020,2025-01-01T00:00:00+00:00,0.0,0.45,0.0,1.0,0.0,0.0,0.0,0.0
ITEM-021,Fictional selection 021,2025-01-01T00:00:00+00:00,0.0,0.0,0.0,0.45,1.0,0.0,0.0,0.0
ITEM-022,Fictional selection 022,2025-01-01T00:00:00+00:00,0.0,0.45,0.0,0.0,0.0,1.0,0.0,0.0
ITEM-023,Fictional selection 023,2025-01-01T00:00:00+00:00,0.0,0.45,0.0,0.0,0.0,0.0,1.0,0.0
ITEM-024,Fictional selection 024,2025-01-01T00:00:00+00:00,0.0,0.0,0.0,0.0,0.0,0.45,0.0,1.0
ITEM-025,Fictional selection 025,2025-01-01T00:00:00+00:00,1.0,0.0,0.45,0.0,0.0,0.0,0.0,0.0
ITEM-026,Fictional selection 026,2025-01-01T00:00:00+00:00,0.0,1.0,0.0,0.0,0.0,0.0,0.0,0.45
ITEM-027,Fictional selection 027,2025-01-01T00:00:00+00:00,0.0,0.0,1.0,0.45,0.0,0.0,0.0,0.0
ITEM-028,Fictional selection 028,2025-01-01T00:00:00+00:00,0.0,0.0,0.0,1.0,0.0,0.0,0.0,0.45
ITEM-029,Fictional selection 029,2025-01-01T00:00:00+00:00,0.0,0.0,0.45,0.0,1.0,0.0,0.0,0.0
ITEM-030,Fictional selection 030,2025-01-01T00:00:00+00:00,0.0,0.0,0.0,0.45,0.0,1.0,0.0,0.0
ITEM-031,Fictional selection 031,2025-01-01T00:00:00+00:00,0.0,0.45,0.0,0.0,0.0,0.0,1.0,0.0
ITEM-032,Fictional selection 032,2025-01-01T00:00:00+00:00,0.0,0.0,0.0,0.0,0.45,0.0,0.0,1.0
ITEM-033,Fictional selection 033,2025-01-01T00:00:00+00:00,1.0,0.0,0.0,0.45,0.0,0.0,0.0,0.0
ITEM-034,Fictional selection 034,2025-01-01T00:00:00+00:00,0.45,1.0,0.0,0.0,0.0,0.0,0.0,0.0
ITEM-035,Fictional selection 035,2025-01-01T00:00:00+00:00,0.0,0.45,1.0,0.0,0.0,0.0,0.0,0.0
ITEM-036,Fictional selection 036,2025-01-01T00:00:00+00:00,0.0,0.0,0.0,1.0,0.45,0.0,0.0,0.0
ITEM-037,Fictional selection 037,2025-01-01T00:00:00+00:00,0.0,0.0,0.0,0.0,1.0,0.0,0.0,0.45
ITEM-038,Fictional selection 038,2025-01-01T00:00:00+00:00,0.0,0.45,0.0,0.0,0.0,1.0,0.0,0.0
ITEM-039,Fictional selection 039,2025-01-01T00:00:00+00:00,0.0,0.0,0.0,0.0,0.0,0.45,1.0,0.0
ITEM-040,Fictional selection 040,2025-01-01T00:00:00+00:00,0.0,0.0,0.0,0.0,0.0,0.45,0.0,1.0
ITEM-041,Fictional selection 041,2025-01-01T00:00:00+00:00,1.0,0.0,0.0,0.0,0.0,0.0,0.0,0.45
ITEM-042,Fictional selection 042,2025-01-01T00:00:00+00:00,0.0,1.0,0.45,0.0,0.0,0.0,0.0,0.0
ITEM-043,Fictional selection 043,2025-01-01T00:00:00+00:00,0.0,0.0,1.0,0.45,0.0,0.0,0.0,0.0
ITEM-044,Fictional selection 044,2025-01-01T00:00:00+00:00,0.45,0.0,0.0,1.0,0.0,0.0,0.0,0.0
ITEM-045,Fictional selection 045,2025-01-01T00:00:00+00:00,0.0,0.45,0.0,0.0,1.0,0.0,0.0,0.0
ITEM-046,Fictional selection 046,2025-01-01T00:00:00+00:00,0.45,0.0,0.0,0.0,0.0,1.0,0.0,0.0
ITEM-047,Fictional selection 047,2025-01-01T00:00:00+00:00,0.0,0.0,0.0,0.0,0.45,0.0,1.0,0.0
ITEM-048,Fictional selection 048,2025-01-01T00:00:00+00:00,0.0,0.0,0.45,0.0,0.0,0.0,0.0,1.0
ITEM-049,Fictional selection 049,2025-01-01T00:00:00+00:00,1.0,0.0,0.0,0.0,0.0,0.0,0.45,0.0
ITEM-050,Fictional selection 050,2025-01-01T00:00:00+00:00,0.45,1.0,0.0,0.0,0.0,0.0,0.0,0.0
ITEM-051,Fictional selection 051,2025-01-01T00:00:00+00:00,0.0,0.0,1.0,0.0,0.0,0.0,0.0,0.45
ITEM-052,Fictional selection 052,2025-01-01T00:00:00+00:00,0.0,0.0,0.45,1.0,0.0,0.0,0.0,0.0
ITEM-053,Fictional selection 053,2025-01-01T00:00:00+00:00,0.0,0.0,0.0,0.45,1.0,0.0,0.0,0.0
ITEM-054,Fictional selection 054,2025-01-01T00:00:00+00:00,0.0,0.0,0.0,0.45,0.0,1.0,0.0,0.0
ITEM-055,Fictional selection 055,2025-01-01T00:00:00+00:00,0.0,0.0,0.0,0.0,0.0,0.45,1.0,0.0
ITEM-056,Fictional selection 056,2025-01-01T00:00:00+00:00,0.0,0.0,0.0,0.0,0.45,0.0,0.0,1.0
ITEM-057,Fictional selection 057,2025-01-01T00:00:00+00:00,1.0,0.0,0.0,0.0,0.45,0.0,0.0,0.0
ITEM-058,Fictional selection 058,2025-01-01T00:00:00+00:00,0.0,1.0,0.0,0.0,0.0,0.0,0.45,0.0
ITEM-059,Fictional selection 059,2025-07-08T00:00:00+00:00,0.0,0.45,1.0,0.0,0.0,0.0,0.0,0.0
ITEM-060,Fictional selection 060,2025-01-19T00:00:00+00:00,0.0,0.0,0.0,1.0,0.0,0.0,0.45,0.0
ITEM-061,Fictional selection 061,2025-05-30T00:00:00+00:00,0.45,0.0,0.0,0.0,1.0,0.0,0.0,0.0
ITEM-062,Fictional selection 062,2025-08-01T00:00:00+00:00,0.0,0.45,0.0,0.0,0.0,1.0,0.0,0.0
ITEM-063,Fictional selection 063,2025-07-03T00:00:00+00:00,0.0,0.45,0.0,0.0,0.0,0.0,1.0,0.0
ITEM-064,Fictional selection 064,2025-06-24T00:00:00+00:00,0.0,0.0,0.0,0.0,0.45,0.0,0.0,1.0
ITEM-065,Fictional selection 065,2025-01-15T00:00:00+00:00,1.0,0.0,0.0,0.0,0.0,0.45,0.0,0.0
ITEM-066,Fictional selection 066,2025-07-16T00:00:00+00:00,0.0,1.0,0.0,0.0,0.45,0.0,0.0,0.0
ITEM-067,Fictional selection 067,2025-04-08T00:00:00+00:00,0.0,0.45,1.0,0.0,0.0,0.0,0.0,0.0
ITEM-068,Fictional selection 068,2025-04-26T00:00:00+00:00,0.0,0.45,0.0,1.0,0.0,0.0,0.0,0.0
ITEM-069,Fictional selection 069,2025-01-17T00:00:00+00:00,0.0,0.0,0.45,0.0,1.0,0.0,0.0,0.0
ITEM-070,Fictional selection 070,2025-03-16T00:00:00+00:00,0.0,0.0,0.0,0.45,0.0,1.0,0.0,0.0
ITEM-071,Fictional selection 071,2025-01-31T00:00:00+00:00,0.45,0.0,0.0,0.0,0.0,0.0,1.0,0.0
ITEM-072,Fictional selection 072,2025-05-07T00:00:00+00:00,0.0,0.45,0.0,0.0,0.0,0.0,0.0,1.0
ITEM-073,Fictional selection 073,2025-04-22T00:00:00+00:00,1.0,0.0,0.0,0.0,0.45,0.0,0.0,0.0
ITEM-074,Fictional selection 074,2025-06-20T00:00:00+00:00,0.0,1.0,0.0,0.0,0.45,0.0,0.0,0.0
ITEM-075,Fictional selection 075,2025-08-12T00:00:00+00:00,0.0,0.0,1.0,0.0,0.0,0.45,0.0,0.0
ITEM-076,Fictional selection 076,2025-05-13T00:00:00+00:00,0.0,0.45,0.0,1.0,0.0,0.0,0.0,0.0
ITEM-077,Fictional selection 077,2025-06-18T00:00:00+00:00,0.0,0.0,0.0,0.45,1.0,0.0,0.0,0.0
ITEM-078,Fictional selection 078,2025-02-13T00:00:00+00:00,0.0,0.0,0.0,0.45,0.0,1.0,0.0,0.0
ITEM-079,Fictional selection 079,2025-07-14T00:00:00+00:00,0.0,0.0,0.0,0.0,0.0,0.0,1.0,0.45
ITEM-080,Fictional selection 080,2025-08-01T00:00:00+00:00,0.0,0.0,0.0,0.0,0.0,0.45,0.0,1.0
ITEM-081,Fictional selection 081,2025-04-08T00:00:00+00:00,1.0,0.0,0.0,0.0,0.45,0.0,0.0,0.0
ITEM-082,Fictional selection 082,2025-02-14T00:00:00+00:00,0.0,1.0,0.0,0.0,0.0,0.0,0.0,0.45
ITEM-083,Fictional selection 083,2025-04-19T00:00:00+00:00,0.0,0.0,1.0,0.45,0.0,0.0,0.0,0.0
ITEM-084,Fictional selection 084,2025-04-23T00:00:00+00:00,0.45,0.0,0.0,1.0,0.0,0.0,0.0,0.0
ITEM-085,Fictional selection 085,2025-03-08T00:00:00+00:00,0.0,0.0,0.0,0.45,1.0,0.0,0.0,0.0
ITEM-086,Fictional selection 086,2025-05-29T00:00:00+00:00,0.0,0.0,0.0,0.0,0.45,1.0,0.0,0.0
ITEM-087,Fictional selection 087,2025-04-21T00:00:00+00:00,0.0,0.0,0.0,0.45,0.0,0.0,1.0,0.0
ITEM-088,Fictional selection 088,2025-04-30T00:00:00+00:00,0.0,0.0,0.45,0.0,0.0,0.0,0.0,1.0
ITEM-089,Fictional selection 089,2025-03-29T00:00:00+00:00,1.0,0.0,0.0,0.0,0.45,0.0,0.0,0.0
ITEM-090,Fictional selection 090,2025-02-11T00:00:00+00:00,0.0,1.0,0.45,0.0,0.0,0.0,0.0,0.0
ITEM-091,Fictional selection 091,2025-06-23T00:00:00+00:00,0.0,0.0,1.0,0.0,0.0,0.0,0.45,0.0
ITEM-092,Fictional selection 092,2025-04-11T00:00:00+00:00,0.0,0.0,0.0,1.0,0.0,0.0,0.0,0.45
ITEM-093,Fictional selection 093,2025-08-09T00:00:00+00:00,0.0,0.0,0.0,0.0,1.0,0.0,0.0,0.45
ITEM-094,Fictional selection 094,2025-03-21T00:00:00+00:00,0.45,0.0,0.0,0.0,0.0,1.0,0.0,0.0
ITEM-095,Fictional selection 095,2025-07-27T00:00:00+00:00,0.0,0.0,0.0,0.0,0.0,0.0,1.0,0.45
ITEM-096,Fictional selection 096,2025-02-01T00:00:00+00:00,0.45,0.0,0.0,0.0,0.0,0.0,0.0,1.0
